C,a,r,o,l,i,n,a
A,l,a,s,k,a
Y,o,r,k
Y,o,r,k
F,l,o,r,i,d,a
Y,o,r,k
F,l,o,r,i,d,a
F,l,o,r,i,d,a
F,l,o,r,i,d,a
C,a,l,i,f,o,r,n,i,a
F,l,o,r,i,d,a
P,e,n,n,s,y,l,v,a,n,i,a
C,a,r,o,l,i,n,a
I,l,l,i,n,o,i,s
O,r,e,g,o,n
H,a,m,p,s,h,i,r,e
C,a,l,i,f,o,r,n,i,a
F,l,o,r,i,d,a
C,a,l,i,f,o,r,n,i,a
F,l,o,r,i,d,a
Y,o,r,k
C,a,l,i,f,o,r,n,i,a
L,o,u,i,s,i,a,n,a
J,e,r,s,e,y
J,e,r,s,e,y
I,n,d,i,a,n,a
F,l,o,r,i,d,a
A,r,i,z,o,n,a
M,a,r,y,l,a,n,d
C,a,r,o,l,i,n,a
A,l,a,s,k,a
Y,o,r,k
Y,o,r,k
F,l,o,r,i,d,a
Y,o,r,k
F,l,o,r,i,d,a
F,l,o,r,i,d,a
F,l,o,r,i,d,a
C,a,l,i,f,o,r,n,i,a
F,l,o,r,i,d,a
P,e,n,n,s,y,l,v,a,n,i,a
C,a,r,o,l,i,n,a
I,l,l,i,n,o,i,s
O,r,e,g,o,n
H,a,m,p,s,h,i,r,e
C,a,l,i,f,o,r,n,i,a
F,l,o,r,i,d,a
C,a,l,i,f,o,r,n,i,a
F,l,o,r,i,d,a
Y,o,r,k
C,a,l,i,f,o,r,n,i,a
L,o,u,i,s,i,a,n,a
J,e,r,s,e,y
J,e,r,s,e,y
I,n,d,i,a,n,a
F,l,o,r,i,d,a
A,r,i,z,o,n,a
M,a,r,y,l,a,n,d
C,a,r,o,l,i,n,a
F,l,o,r,i,d,a
F,l,o,r,i,d,a
O,r,e,g,o,n
C,a,r,o,l,i,n,a
C,a,r,o,l,i,n,a
T,e,x,a,s
F,l,o,r,i,d,a
G,e,o,r,g,i,a
C,a,l,i,f,o,r,n,i,a
F,l,o,r,i,d,a
C,a,l,i,f,o,r,n,i,a
C,a,l,i,f,o,r,n,i,a
H,a,w,a,i,i
F,l,o,r,i,d,a
A,l,a,s,k,a
H,a,w,a,i,i
H,a,w,a,i,i
W,a,s,h,i,n,g,t,o,n
C,a,l,i,f,o,r,n,i,a
C,a,l,i,f,o,r,n,i,a
C,a,r,o,l,i,n,a
F,l,o,r,i,d,a
C,a,l,i,f,o,r,n,i,a
C,a,l,i,f,o,r,n,i,a
C,a,l,i,f,o,r,n,i,a
H,a,w,a,i,i
J,e,r,s,e,y
C,a,r,o,l,i,n,a
F,l,o,r,i,d,a
F,l,o,r,i,d,a
O,r,e,g,o,n
C,a,r,o,l,i,n,a
C,a,r,o,l,i,n,a
T,e,x,a,s
F,l,o,r,i,d,a
G,e,o,r,g,i,a
C,a,l,i,f,o,r,n,i,a
F,l,o,r,i,d,a
C,a,l,i,f,o,r,n,i,a
C,a,l,i,f,o,r,n,i,a
H,a,w,a,i,i
F,l,o,r,i,d,a
A,l,a,s,k,a
H,a,w,a,i,i
H,a,w,a,i,i
W,a,s,h,i,n,g,t,o,n
C,a,l,i,f,o,r,n,i,a
C,a,l,i,f,o,r,n,i,a
C,a,r,o,l,i,n,a
F,l,o,r,i,d,a
C,a,l,i,f,o,r,n,i,a
C,a,l,i,f,o,r,n,i,a
C,a,l,i,f,o,r,n,i,a
H,a,w,a,i,i
J,e,r,s,e,y
